                  epoch,         train/box_loss,         train/cls_loss,         train/dfl_loss,   metrics/precision(B),      metrics/recall(B),       metrics/mAP50(B),    metrics/mAP50-95(B),           val/box_loss,           val/cls_loss,           val/dfl_loss,                 lr/pg0,                 lr/pg1,                 lr/pg2
                      1,                 3.3982,                 7.2572,                 4.2837,                0.00221,                0.16575,                0.00162,                0.00052,                 3.3316,                 7.1673,                 4.1046,               0.070297,              0.0033003,              0.0033003
                      2,                 3.2077,                 6.4671,                  3.966,                0.01256,                0.19286,                0.00849,                0.00334,                 2.9475,                    inf,                 5.1852,               0.040297,              0.0066335,              0.0066335
                      3,                  2.783,                 5.7102,                 3.4224,                0.12376,                0.24968,                0.09376,                0.03736,                 2.6763,                  44.68,                 3.9513,               0.010296,              0.0099659,              0.0099659
                      4,                 2.5049,                 5.1144,                  3.009,                0.26861,                 0.3775,                0.23845,                 0.1147,                 2.0508,                 5.9027,                 3.0204,              0.0099976,              0.0099976,              0.0099976
                      5,                  2.285,                 4.5029,                 2.7226,                0.36614,                0.37509,                0.29991,                0.14106,                  1.987,                 5.7061,                 2.7293,              0.0099957,              0.0099957,              0.0099957
                      6,                 2.1063,                 3.9508,                 2.4912,                0.54857,                0.54392,                0.53703,                0.28937,                 1.7458,                   3.87,                 2.4331,              0.0099932,              0.0099932,              0.0099932
                      7,                 1.9082,                 3.4008,                 2.2503,                0.62711,                0.54393,                 0.5861,                0.35165,                 1.6014,                  3.156,                  2.204,              0.0099902,              0.0099902,              0.0099902
                      8,                 1.7946,                 3.1339,                  2.177,                0.43455,                0.51942,                0.48316,                0.29693,                 1.5385,                 3.8196,                 2.0865,              0.0099867,              0.0099867,              0.0099867
                      9,                 1.6726,                 2.8137,                 2.0511,                0.76312,                0.72984,                0.78161,                0.47718,                 1.5101,                 2.9172,                 2.0245,              0.0099826,              0.0099826,              0.0099826
                     10,                 1.5682,                 2.5081,                 1.9421,                0.73017,                0.73812,                0.81013,                0.56637,                 1.3339,                 2.4952,                 1.8883,               0.009978,               0.009978,               0.009978
                     11,                 1.4065,                 2.2844,                 1.8042,                0.84279,                0.85385,                0.86394,                0.63883,                  1.172,                 2.3644,                 1.7088,              0.0099729,              0.0099729,              0.0099729
                     12,                 1.3038,                 2.0595,                 1.7051,                0.79597,                0.65293,                0.76055,                0.55083,                 1.3021,                 4.1799,                 1.8685,              0.0099672,              0.0099672,              0.0099672
                     13,                 1.2578,                 1.9878,                 1.6579,                0.92605,                0.83197,                0.92456,                0.71678,                0.95562,                 1.7282,                 1.4571,               0.009961,               0.009961,               0.009961
                     14,                 1.1976,                 1.8266,                  1.582,                0.92467,                0.88649,                0.94276,                0.71893,                 1.0564,                 1.4874,                 1.5557,              0.0099542,              0.0099542,              0.0099542
                     15,                 1.1971,                    1.8,                 1.5906,                0.94367,                0.90673,                0.94847,                0.74251,                0.93122,                  1.465,                 1.4158,              0.0099469,              0.0099469,              0.0099469
                     16,                 1.1172,                 1.6986,                 1.5032,                0.92826,                 0.8286,                0.92348,                0.70994,                  1.006,                 1.9781,                 1.4739,              0.0099391,              0.0099391,              0.0099391
                     17,                 1.0984,                 1.6669,                 1.5017,                0.91471,                0.91147,                 0.9451,                0.76825,                0.90179,                 1.4096,                 1.3732,              0.0099307,              0.0099307,              0.0099307
                     18,                 1.0777,                 1.6311,                 1.4814,                0.96138,                0.90734,                0.96115,                0.77709,                0.83468,                 1.2372,                 1.2926,              0.0099218,              0.0099218,              0.0099218
                     19,                 1.0379,                 1.5257,                  1.433,                0.93592,                0.91926,                0.95373,                0.78005,                0.79899,                   1.25,                 1.2763,              0.0099123,              0.0099123,              0.0099123
                     20,                0.99951,                 1.4953,                 1.4186,                0.91477,                0.83423,                0.91885,                0.73011,                0.96625,                 1.5845,                 1.4757,              0.0099023,              0.0099023,              0.0099023
                     21,                0.98893,                 1.4329,                 1.3792,                0.97639,                0.94929,                0.96983,                 0.7885,                0.82202,                 1.0718,                  1.306,              0.0098918,              0.0098918,              0.0098918
                     22,                0.97856,                 1.3966,                 1.3892,                0.93966,                0.92809,                0.95864,                0.79959,                0.73695,                 1.1484,                 1.2346,              0.0098808,              0.0098808,              0.0098808
                     23,                0.95851,                 1.3363,                 1.3385,                0.94417,                0.93523,                0.96552,                0.78877,                0.78997,                 1.0237,                 1.2989,              0.0098692,              0.0098692,              0.0098692
                     24,                0.94004,                 1.3532,                 1.3595,                0.94777,                0.94116,                0.96274,                0.79968,                0.75178,                 1.2078,                 1.2244,              0.0098571,              0.0098571,              0.0098571
                     25,                0.91099,                 1.2947,                 1.3196,                0.93918,                0.92618,                0.96268,                0.77909,                 0.8037,                 1.4262,                 1.2765,              0.0098445,              0.0098445,              0.0098445
                     26,                0.86477,                 1.2274,                 1.2926,                0.95222,                0.95276,                0.96895,                0.80093,                0.78348,                 1.0416,                 1.2597,              0.0098313,              0.0098313,              0.0098313
                     27,                 0.8715,                 1.1811,                 1.2969,                0.96958,                0.93112,                0.96848,                0.81759,                0.70347,                0.94248,                 1.1874,              0.0098177,              0.0098177,              0.0098177
                     28,                0.86175,                 1.2263,                 1.3016,                0.96716,                0.93445,                0.96739,                0.80375,                0.73331,                0.95786,                 1.2138,              0.0098035,              0.0098035,              0.0098035
                     29,                0.85309,                 1.1829,                 1.2697,                0.96045,                0.95585,                0.97113,                 0.8176,                0.66472,                0.91953,                 1.1842,              0.0097887,              0.0097887,              0.0097887
                     30,                0.82407,                 1.1612,                 1.2507,                0.93914,                0.93826,                 0.9585,                0.79632,                0.74956,                0.98401,                 1.2256,              0.0097735,              0.0097735,              0.0097735
                     31,                0.81309,                 1.1338,                 1.2453,                0.97625,                0.94343,                  0.966,                0.82289,                0.66701,                0.91546,                  1.187,              0.0097577,              0.0097577,              0.0097577
                     32,                0.80672,                 1.1394,                 1.2426,                0.96489,                0.95262,                0.97361,                0.83623,                0.64477,                0.86829,                 1.1613,              0.0097415,              0.0097415,              0.0097415
                     33,                0.80646,                 1.1103,                 1.2234,                 0.9586,                0.95755,                0.97055,                0.83636,                0.64812,                0.91388,                 1.1504,              0.0097247,              0.0097247,              0.0097247
                     34,                0.78398,                 1.0754,                   1.23,                0.97336,                0.94862,                0.97289,                0.83645,                0.64108,                0.88279,                 1.1408,              0.0097074,              0.0097074,              0.0097074
                     35,                0.80336,                 1.0988,                 1.2192,                0.94633,                0.93327,                0.96866,                0.83194,                0.65979,                 1.0157,                 1.1868,              0.0096895,              0.0096895,              0.0096895
                     36,                0.79576,                  1.117,                 1.2391,                0.96734,                0.95352,                0.97169,                0.83998,                0.61582,                0.92288,                 1.1408,              0.0096712,              0.0096712,              0.0096712
                     37,                0.76312,                 1.0505,                 1.2131,                0.95333,                0.93406,                0.96059,                0.83516,                0.62574,                0.93659,                 1.1384,              0.0096524,              0.0096524,              0.0096524
                     38,                0.77237,                 1.0508,                 1.1848,                0.97039,                0.96005,                0.96957,                0.84487,                0.61132,                 0.8551,                 1.1401,              0.0096331,              0.0096331,              0.0096331
                     39,                 0.7531,                 1.0501,                 1.2103,                0.96717,                0.96737,                0.96954,                0.84291,                 0.6398,                0.84069,                 1.1581,              0.0096132,              0.0096132,              0.0096132
                     40,                0.74892,                 1.0098,                 1.1818,                0.95974,                0.94692,                0.96509,                 0.8441,                0.59531,                0.95636,                 1.1094,              0.0095929,              0.0095929,              0.0095929
                     41,                0.73055,                 1.0006,                 1.1876,                0.95648,                0.93816,                0.95984,                0.84047,                0.64312,                 1.0269,                 1.1811,              0.0095721,              0.0095721,              0.0095721
                     42,                0.75112,                 1.0059,                  1.191,                0.96246,                0.95465,                0.96948,                0.85187,                0.60113,                0.86093,                 1.1262,              0.0095507,              0.0095507,              0.0095507
                     43,                0.71779,                0.99131,                 1.1853,                0.97485,                0.96266,                0.96765,                0.84561,                0.57249,                0.78876,                 1.1006,              0.0095289,              0.0095289,              0.0095289
                     44,                0.72711,                0.98664,                 1.1643,                0.95734,                0.95536,                0.97199,                0.84582,                0.57976,                0.81495,                 1.1226,              0.0095066,              0.0095066,              0.0095066
                     45,                0.73039,                0.97739,                 1.1713,                0.97664,                0.96262,                0.97108,                0.84643,                0.58476,                0.81087,                  1.104,              0.0094838,              0.0094838,              0.0094838
                     46,                0.72993,                 1.0164,                 1.1755,                0.94704,                0.95052,                0.96807,                0.84089,                0.60886,                 0.8844,                 1.1084,              0.0094605,              0.0094605,              0.0094605
                     47,                0.72578,                0.99199,                 1.1709,                0.97753,                0.95476,                0.97451,                0.85105,                0.57349,                0.79284,                 1.0945,              0.0094367,              0.0094367,              0.0094367
                     48,                0.70024,                0.94575,                 1.1468,                0.97551,                0.95452,                0.97533,                 0.8564,                0.56651,                0.81738,                 1.0939,              0.0094125,              0.0094125,              0.0094125
                     49,                0.70692,                0.94055,                 1.1453,                0.98121,                0.96189,                0.97632,                0.85783,                0.56055,                0.78365,                 1.0846,              0.0093877,              0.0093877,              0.0093877
                     50,                0.70414,                0.94695,                 1.1751,                0.97781,                0.95468,                0.97424,                0.86531,                 0.5378,                0.73388,                 1.0698,              0.0093625,              0.0093625,              0.0093625
                     51,                0.67853,                0.90446,                 1.1385,                0.97651,                0.96281,                0.97819,                 0.8617,                0.57164,                0.72658,                 1.1042,              0.0093368,              0.0093368,              0.0093368
                     52,                0.68594,                0.89884,                 1.1426,                0.97571,                 0.9615,                0.97289,                 0.8619,                0.56248,                 0.7575,                 1.0795,              0.0093107,              0.0093107,              0.0093107
                     53,                0.69483,                0.94276,                 1.1629,                0.97827,                0.96308,                0.97042,                0.85833,                0.56256,                0.73383,                 1.0854,              0.0092841,              0.0092841,              0.0092841
                     54,                0.67799,                0.89859,                 1.1366,                0.97549,                0.95138,                0.97173,                0.86172,                0.55242,                0.78971,                 1.0819,               0.009257,               0.009257,               0.009257
                     55,                0.68882,                0.92249,                 1.1572,                0.97256,                0.96253,                0.97947,                0.86538,                 0.5595,                0.72574,                 1.0791,              0.0092294,              0.0092294,              0.0092294
                     56,                0.68434,                0.90718,                 1.1358,                 0.9764,                 0.9657,                0.97683,                0.86174,                 0.5528,                0.74004,                 1.0842,              0.0092014,              0.0092014,              0.0092014
                     57,                 0.6709,                0.87888,                 1.1344,                0.97585,                0.94501,                 0.9744,                0.85756,                0.59797,                0.75797,                 1.1044,               0.009173,               0.009173,               0.009173
                     58,                0.68536,                0.90869,                 1.1492,                0.98091,                0.96765,                0.97676,                0.86868,                0.52831,                   0.72,                 1.0678,               0.009144,               0.009144,               0.009144
                     59,                0.67013,                0.87118,                 1.1288,                0.96945,                0.96283,                 0.9756,                0.86731,                0.53511,                0.72869,                 1.0664,              0.0091147,              0.0091147,              0.0091147
                     60,                0.65181,                0.83881,                 1.1127,                0.97931,                0.96355,                0.97697,                0.87153,                0.53953,                0.72724,                 1.0697,              0.0090849,              0.0090849,              0.0090849
                     61,                0.67163,                0.88777,                 1.1256,                0.97943,                 0.9665,                0.97762,                0.87117,                0.52727,                0.73495,                 1.0694,              0.0090546,              0.0090546,              0.0090546
                     62,                0.64742,                0.85128,                 1.1004,                 0.9733,                0.96565,                0.97693,                0.87806,                0.51854,                0.70918,                 1.0579,              0.0090239,              0.0090239,              0.0090239
                     63,                0.67044,                0.88725,                 1.1219,                0.97478,                 0.9373,                0.96852,                0.86045,                0.55841,                0.74556,                 1.1116,              0.0089928,              0.0089928,              0.0089928
                     64,                0.66541,                0.84934,                 1.1105,                0.97308,                0.96094,                0.97264,                0.86781,                0.53315,                0.75542,                 1.0624,              0.0089613,              0.0089613,              0.0089613
                     65,                0.64569,                0.85896,                 1.1197,                0.97019,                0.96355,                0.97479,                0.88406,                0.50422,                0.67612,                 1.0275,              0.0089293,              0.0089293,              0.0089293
                     66,                0.63516,                0.85638,                 1.1229,                0.97936,                0.96879,                0.97328,                0.86859,                0.53523,                0.69291,                 1.0652,              0.0088969,              0.0088969,              0.0088969
                     67,                0.67143,                0.85054,                  1.124,                0.97786,                0.96515,                0.97638,                 0.8706,                0.53667,                0.69681,                 1.0879,               0.008864,               0.008864,               0.008864
                     68,                0.63071,                0.83242,                 1.0886,                0.97053,                0.96355,                0.96632,                0.85829,                0.54419,                0.71757,                 1.0706,              0.0088308,              0.0088308,              0.0088308
                     69,                0.64328,                0.86136,                 1.1174,                0.98107,                0.96232,                 0.9798,                0.87904,                0.52501,                0.66399,                 1.0723,              0.0087971,              0.0087971,              0.0087971
                     70,                 0.6324,                0.83695,                 1.1066,                0.98527,                0.96413,                0.97703,                0.87498,                0.51908,                0.64185,                 1.0435,               0.008763,               0.008763,               0.008763
                     71,                0.64507,                0.85573,                 1.1138,                0.97826,                0.96156,                0.97626,                0.88285,                0.51487,                0.69704,                 1.0568,              0.0087286,              0.0087286,              0.0087286
                     72,                0.62979,                0.82058,                 1.0984,                0.98339,                0.95584,                0.97447,                0.87452,                0.51959,                0.67882,                  1.059,              0.0086937,              0.0086937,              0.0086937
                     73,                0.64374,                0.84851,                 1.1029,                0.98628,                0.96402,                0.97462,                0.87205,                 0.5136,                 0.6747,                 1.0525,              0.0086584,              0.0086584,              0.0086584
                     74,                 0.6168,                0.79704,                 1.0851,                0.96639,                0.95801,                0.97243,                0.87158,                0.52763,                0.73003,                 1.0625,              0.0086227,              0.0086227,              0.0086227
                     75,                0.63483,                 0.8262,                 1.0902,                0.98712,                0.96573,                0.97679,                0.87922,                0.50903,                0.67633,                 1.0491,              0.0085866,              0.0085866,              0.0085866
                     76,                0.63591,                0.81473,                  1.099,                0.97079,                0.97505,                0.97571,                0.87899,                0.51312,                0.67186,                  1.058,              0.0085502,              0.0085502,              0.0085502
                     77,                0.63518,                0.80795,                 1.0895,                0.98177,                 0.9691,                0.97433,                 0.8797,                0.49019,                0.66369,                 1.0422,              0.0085133,              0.0085133,              0.0085133
                     78,                0.60848,                0.77669,                 1.0779,                0.98983,                0.96503,                0.97402,                0.88197,                0.48909,                0.66462,                 1.0421,              0.0084761,              0.0084761,              0.0084761
                     79,                0.62123,                 0.8155,                 1.0973,                0.96803,                0.96022,                0.97341,                0.87889,                0.50947,                0.67612,                 1.0548,              0.0084385,              0.0084385,              0.0084385
                     80,                0.61739,                0.80697,                 1.1025,                 0.9746,                0.96864,                0.97568,                0.88302,                0.49416,                0.64751,                 1.0414,              0.0084005,              0.0084005,              0.0084005
                     81,                 0.6031,                0.80097,                 1.0915,                 0.9802,                0.96009,                0.97816,                 0.8893,                0.50264,                0.63124,                 1.0538,              0.0083622,              0.0083622,              0.0083622
                     82,                 0.6166,                0.79626,                 1.1027,                0.97756,                 0.9563,                0.97362,                0.87903,                0.48982,                0.67534,                 1.0462,              0.0083235,              0.0083235,              0.0083235
                     83,                0.61623,                 0.8077,                 1.0821,                0.98255,                0.96202,                0.97772,                0.88687,                0.50397,                0.66095,                 1.0455,              0.0082844,              0.0082844,              0.0082844
                     84,                0.61419,                0.81678,                 1.0878,                0.97357,                 0.9561,                0.97635,                0.88759,                0.48238,                0.63759,                 1.0348,               0.008245,               0.008245,               0.008245
                     85,                0.60753,                0.78799,                 1.0938,                0.97054,                 0.9688,                0.97979,                0.87814,                0.53261,                 0.6587,                 1.0633,              0.0082052,              0.0082052,              0.0082052
                     86,                0.58801,                0.76264,                 1.0732,                 0.9874,                0.96511,                0.97875,                  0.889,                0.49177,                0.62715,                 1.0411,              0.0081651,              0.0081651,              0.0081651
                     87,                0.60582,                0.77736,                 1.0818,                0.97221,                0.96869,                0.97903,                0.89018,                 0.4791,                0.63069,                 1.0273,              0.0081247,              0.0081247,              0.0081247
                     88,                0.59455,                 0.7961,                 1.0861,                0.98575,                0.96099,                0.97589,                 0.8897,                0.48524,                0.62909,                 1.0389,              0.0080839,              0.0080839,              0.0080839
                     89,                0.59844,                0.77886,                 1.0774,                0.98179,                0.96287,                0.97811,                 0.8882,                 0.4889,                0.62463,                 1.0397,              0.0080428,              0.0080428,              0.0080428
                     90,                0.61051,                0.78436,                 1.0874,                0.98266,                0.95511,                 0.9765,                0.88276,                0.48582,                0.64326,                 1.0207,              0.0080013,              0.0080013,              0.0080013
                     91,                0.59956,                0.77646,                  1.086,                0.98512,                0.96626,                0.97773,                0.88733,                0.49533,                0.64532,                 1.0257,              0.0079595,              0.0079595,              0.0079595
                     92,                0.60747,                0.77038,                 1.0737,                0.97394,                 0.9703,                0.97626,                0.89163,                0.47357,                0.59261,                 1.0253,              0.0079174,              0.0079174,              0.0079174
                     93,                0.58968,                0.74254,                 1.0628,                 0.9731,                0.96272,                0.97804,                0.88574,                0.49392,                 0.5989,                 1.0329,               0.007875,               0.007875,               0.007875
                     94,                0.59724,                0.77918,                  1.079,                0.97303,                0.96641,                0.97742,                0.88508,                0.48707,                0.60496,                  1.038,              0.0078323,              0.0078323,              0.0078323
                     95,                0.60494,                0.77682,                 1.0776,                0.97255,                 0.9643,                0.97716,                0.88326,                0.48051,                0.59594,                 1.0341,              0.0077893,              0.0077893,              0.0077893
                     96,                0.58914,                0.73784,                 1.0721,                0.98294,                0.95588,                0.97897,                0.88677,                 0.4704,                0.61329,                 1.0348,               0.007746,               0.007746,               0.007746
                     97,                0.59325,                0.74136,                 1.0598,                0.96909,                0.96748,                0.97741,                0.88718,                0.48511,                0.62901,                 1.0413,              0.0077023,              0.0077023,              0.0077023
                     98,                0.59573,                0.74379,                 1.0755,                0.96988,                0.96062,                0.97859,                0.88992,                0.47811,                0.62329,                 1.0283,              0.0076584,              0.0076584,              0.0076584
                     99,                0.59288,                0.75546,                 1.0702,                0.96419,                0.96923,                0.97966,                0.88984,                0.48712,                0.62623,                 1.0361,              0.0076142,              0.0076142,              0.0076142
                    100,                0.58939,                0.78918,                 1.0795,                0.98571,                0.95758,                0.97869,                0.88658,                0.48333,                0.62289,                 1.0294,              0.0075698,              0.0075698,              0.0075698
                    101,                0.56686,                0.70898,                 1.0482,                0.98647,                0.95994,                0.98054,                0.88503,                0.46557,                 0.5883,                 1.0157,               0.007525,               0.007525,               0.007525
                    102,                0.57145,                0.72946,                 1.0689,                0.97162,                0.96953,                0.97865,                0.88363,                0.46401,                0.60145,                 1.0189,                0.00748,                0.00748,                0.00748
                    103,                 0.5795,                0.74801,                 1.0576,                 0.9661,                0.97072,                0.98028,                0.89271,                 0.4692,                0.60574,                 1.0147,              0.0074347,              0.0074347,              0.0074347
                    104,                 0.5826,                0.73129,                 1.0684,                0.97719,                0.97785,                0.97765,                 0.8837,                0.48501,                0.61518,                 1.0382,              0.0073891,              0.0073891,              0.0073891
                    105,                0.55377,                0.70515,                 1.0418,                0.98313,                 0.9599,                0.97972,                0.89102,                0.48224,                 0.5971,                  1.036,              0.0073433,              0.0073433,              0.0073433
                    106,                0.58834,                0.76896,                 1.0653,                0.98141,                0.96842,                0.97836,                0.89152,                0.48165,                0.59187,                 1.0503,              0.0072973,              0.0072973,              0.0072973
                    107,                0.55664,                0.70387,                  1.054,                0.97881,                0.97219,                0.97746,                0.89412,                0.47951,                0.60142,                 1.0361,              0.0072509,              0.0072509,              0.0072509
                    108,                0.55657,                0.72223,                 1.0616,                0.98288,                0.95927,                0.97802,                0.89114,                0.45402,                0.60536,                 1.0163,              0.0072044,              0.0072044,              0.0072044
                    109,                0.57501,                 0.7088,                 1.0597,                0.97194,                 0.9748,                0.97809,                0.88765,                0.47511,                0.61318,                 1.0263,              0.0071576,              0.0071576,              0.0071576
                    110,                0.57402,                0.71564,                 1.0543,                0.98204,                0.96955,                0.97629,                0.88584,                0.45659,                0.59224,                 1.0183,              0.0071106,              0.0071106,              0.0071106
                    111,                0.56772,                0.71874,                 1.0493,                0.98142,                0.96696,                0.97777,                0.89115,                0.47755,                0.60241,                 1.0409,              0.0070633,              0.0070633,              0.0070633
                    112,                0.56849,                0.71215,                 1.0428,                0.98405,                0.96901,                 0.9777,                0.89543,                0.46853,                0.59734,                 1.0432,              0.0070159,              0.0070159,              0.0070159
                    113,                0.54237,                0.70558,                  1.057,                0.98463,                0.97692,                0.97593,                0.89532,                  0.455,                0.61398,                 1.0215,              0.0069682,              0.0069682,              0.0069682
                    114,                0.56925,                 0.7085,                 1.0521,                0.97111,                0.97355,                0.97865,                 0.8978,                0.45379,                0.58289,                0.99433,              0.0069203,              0.0069203,              0.0069203
                    115,                0.55734,                0.69331,                 1.0518,                0.98367,                0.97151,                0.98085,                0.89166,                0.48598,                0.56328,                  1.031,              0.0068722,              0.0068722,              0.0068722
                    116,                0.56046,                0.71866,                 1.0667,                0.98509,                0.97548,                0.98151,                0.89507,                0.47588,                0.55825,                  1.038,              0.0068239,              0.0068239,              0.0068239
                    117,                0.56657,                0.70594,                  1.045,                0.98003,                0.96835,                0.97964,                 0.8891,                0.45951,                 0.5754,                 1.0199,              0.0067754,              0.0067754,              0.0067754
                    118,                0.55577,                0.70442,                 1.0493,                0.98408,                 0.9763,                0.97987,                0.89514,                0.47318,                0.60525,                 1.0123,              0.0067268,              0.0067268,              0.0067268
                    119,                0.56107,                0.68883,                 1.0416,                0.97058,                0.97698,                0.97976,                0.88871,                0.47546,                 0.6016,                 1.0286,              0.0066779,              0.0066779,              0.0066779
                    120,                0.54652,                0.69084,                 1.0274,                0.97473,                0.96843,                0.97814,                0.89452,                0.45876,                 0.5735,                  1.013,              0.0066288,              0.0066288,              0.0066288
                    121,                0.55859,                0.69068,                 1.0475,                0.98055,                0.97398,                0.97773,                0.89522,                0.45833,                0.57408,                 1.0176,              0.0065796,              0.0065796,              0.0065796
                    122,                0.53916,                0.67861,                 1.0342,                0.97892,                0.97006,                0.97725,                0.89422,                0.46031,                0.57406,                 1.0086,              0.0065303,              0.0065303,              0.0065303
                    123,                 0.5442,                0.67944,                 1.0398,                0.98151,                0.96995,                0.97795,                0.89875,                0.44756,                0.55834,                 1.0105,              0.0064807,              0.0064807,              0.0064807
                    124,                0.54408,                0.67245,                 1.0322,                0.97917,                 0.9687,                0.97981,                0.90136,                0.44789,                0.56235,                 1.0173,               0.006431,               0.006431,               0.006431
                    125,                0.56793,                0.69149,                 1.0382,                0.98066,                0.97175,                0.97974,                0.90354,                0.45276,                0.57186,                  1.017,              0.0063812,              0.0063812,              0.0063812
                    126,                0.53847,                0.67499,                 1.0281,                0.98335,                 0.9719,                0.97799,                0.89378,                0.45868,                0.60438,                 1.0092,              0.0063312,              0.0063312,              0.0063312
                    127,                 0.5378,                0.67665,                 1.0421,                0.98506,                0.97487,                0.97807,                0.89897,                0.45156,                0.58196,                 1.0052,               0.006281,               0.006281,               0.006281
                    128,                0.56005,                0.69735,                 1.0374,                0.97662,                0.97292,                0.97908,                0.89779,                0.45595,                0.57342,                 1.0186,              0.0062307,              0.0062307,              0.0062307
                    129,                0.55235,                0.67885,                 1.0271,                0.98109,                0.96963,                0.97974,                0.89684,                 0.4664,                0.60039,                 1.0189,              0.0061803,              0.0061803,              0.0061803
                    130,                 0.5513,                0.68592,                 1.0478,                0.98479,                0.96515,                0.97817,                0.89892,                0.45096,                0.55853,                   1.01,              0.0061298,              0.0061298,              0.0061298
                    131,                0.53845,                0.67423,                 1.0417,                0.97044,                0.97253,                0.97576,                0.89351,                0.46125,                0.59202,                 1.0134,              0.0060792,              0.0060792,              0.0060792
                    132,                0.54705,                0.68564,                 1.0458,                0.98766,                0.97152,                0.98171,                0.90411,                0.44981,                0.54591,                 1.0039,              0.0060284,              0.0060284,              0.0060284
                    133,                0.55242,                0.69445,                 1.0507,                0.98537,                0.97175,                0.98043,                0.90361,                 0.4499,                  0.533,                 1.0093,              0.0059775,              0.0059775,              0.0059775
                    134,                0.53911,                0.66431,                 1.0241,                0.98765,                0.96765,                0.97825,                0.90297,                0.44965,                0.57853,                 1.0104,              0.0059266,              0.0059266,              0.0059266
                    135,                0.55587,                0.67576,                 1.0465,                0.98274,                0.97467,                0.97545,                 0.8984,                0.44548,                0.53588,                 1.0213,              0.0058755,              0.0058755,              0.0058755
                    136,                0.54215,                0.67112,                 1.0275,                0.98789,                0.96721,                0.97897,                0.90191,                 0.4421,                0.55213,                 1.0059,              0.0058244,              0.0058244,              0.0058244
                    137,                0.52766,                0.66204,                 1.0352,                0.97496,                0.97484,                0.97989,                0.90528,                0.44244,                0.55997,                0.99635,              0.0057731,              0.0057731,              0.0057731
                    138,                0.52541,                0.65373,                  1.032,                0.96651,                0.97575,                0.97582,                0.89749,                0.44489,                0.56202,                 1.0088,              0.0057218,              0.0057218,              0.0057218
                    139,                0.53626,                0.66707,                 1.0274,                0.98865,                 0.9691,                0.97846,                0.90565,                0.44224,                0.56119,                 1.0032,              0.0056704,              0.0056704,              0.0056704
                    140,                 0.5322,                0.66254,                 1.0308,                0.98164,                0.97654,                0.97766,                0.90361,                0.45033,                0.59382,                 1.0155,              0.0056189,              0.0056189,              0.0056189
                    141,                0.52939,                 0.6548,                 1.0305,                0.98495,                0.96931,                0.98015,                0.90524,                0.44613,                0.54063,                 1.0178,              0.0055674,              0.0055674,              0.0055674
                    142,                0.55112,                0.65157,                 1.0336,                0.98368,                0.97608,                0.97767,                0.90277,                0.43876,                0.54937,                 1.0003,              0.0055158,              0.0055158,              0.0055158
                    143,                0.52505,                0.65464,                 1.0265,                0.98651,                0.97263,                0.98019,                0.90742,                0.44002,                0.57068,                0.98943,              0.0054642,              0.0054642,              0.0054642
                    144,                 0.5182,                0.62743,                 1.0215,                0.98217,                0.96546,                 0.9787,                0.90639,                0.44207,                0.55449,                 1.0032,              0.0054125,              0.0054125,              0.0054125
                    145,                0.52479,                0.63828,                 1.0255,                0.98183,                0.97425,                 0.9797,                0.90695,                0.44213,                0.56142,                0.99804,              0.0053608,              0.0053608,              0.0053608
                    146,                0.53151,                0.63293,                   1.01,                0.98181,                0.97062,                0.97885,                0.90246,                0.44611,                0.54242,                  1.013,              0.0053091,              0.0053091,              0.0053091
                    147,                0.51337,                0.63379,                 1.0223,                 0.9901,                0.97501,                0.97629,                0.90291,                0.46133,                0.56964,                 1.0186,              0.0052573,              0.0052573,              0.0052573
                    148,                0.52495,                0.64005,                 1.0305,                0.98198,                0.97618,                0.97871,                0.90001,                0.46331,                0.55046,                 1.0333,              0.0052055,              0.0052055,              0.0052055
                    149,                0.53745,                0.65463,                 1.0266,                0.98056,                0.97518,                0.97888,                0.90128,                 0.4386,                0.55059,                 1.0114,              0.0051537,              0.0051537,              0.0051537
                    150,                 0.5438,                0.64279,                 1.0233,                0.98286,                0.97732,                0.98145,                0.91143,                0.43032,                0.51073,                 0.9906,              0.0051018,              0.0051018,              0.0051018
                    151,                 0.5213,                0.62624,                 1.0187,                0.98757,                0.97241,                0.97965,                0.90708,                0.44303,                0.53656,                 1.0087,                0.00505,                0.00505,                0.00505
                    152,                0.51691,                0.63714,                 1.0263,                0.98733,                0.97233,                0.98042,                0.90969,                 0.4379,                0.53467,                  1.004,              0.0049982,              0.0049982,              0.0049982
                    153,                0.53014,                 0.6482,                 1.0239,                0.98743,                0.97637,                0.97948,                0.90211,                0.45191,                0.53341,                 1.0008,              0.0049463,              0.0049463,              0.0049463
                    154,                0.50345,                0.63014,                 1.0099,                0.98169,                0.97633,                0.97838,                0.90579,                0.41645,                0.52707,                0.98586,              0.0048945,              0.0048945,              0.0048945
                    155,                0.50838,                0.61843,                 1.0127,                0.98071,                0.97518,                0.97921,                0.90112,                0.42554,                0.54737,                0.99717,              0.0048427,              0.0048427,              0.0048427
                    156,                0.51065,                0.61254,                 1.0343,                0.98376,                 0.9718,                 0.9787,                0.90404,                0.43287,                0.51375,                0.99896,              0.0047909,              0.0047909,              0.0047909
                    157,                0.50995,                0.60589,                  1.015,                0.97848,                0.97518,                0.98184,                0.90753,                0.42695,                0.54289,                0.98225,              0.0047392,              0.0047392,              0.0047392
                    158,                0.52164,                0.61502,                 1.0191,                0.98625,                0.97699,                0.97716,                0.90637,                0.42197,                0.55127,                0.98365,              0.0046875,              0.0046875,              0.0046875
                    159,                 0.5118,                0.62051,                  1.012,                0.97837,                0.97441,                0.97644,                0.90247,                0.42748,                0.53498,                0.99325,              0.0046358,              0.0046358,              0.0046358
                    160,                0.48453,                0.59725,                 1.0012,                0.98508,                 0.9699,                0.97643,                0.89907,                0.44116,                0.54596,                 1.0021,              0.0045842,              0.0045842,              0.0045842
                    161,                0.50293,                0.60766,                 1.0107,                0.97773,                0.97467,                0.97877,                0.90471,                0.42313,                0.53038,                0.99061,              0.0045326,              0.0045326,              0.0045326
                    162,                0.50301,                0.61602,                0.99945,                0.98698,                0.97085,                0.98316,                 0.9131,                0.42182,                0.52367,                0.98678,              0.0044811,              0.0044811,              0.0044811
                    163,                 0.5042,                0.61093,                 1.0042,                0.98171,                0.97092,                0.97702,                0.90024,                0.42536,                0.52214,                0.99061,              0.0044296,              0.0044296,              0.0044296
                    164,                 0.4786,                 0.5841,                 1.0031,                0.98448,                0.97748,                0.97796,                0.90561,                0.41521,                0.52123,                0.98835,              0.0043782,              0.0043782,              0.0043782
                    165,                 0.5056,                 0.6099,                 1.0176,                0.99051,                0.97851,                0.97898,                0.90708,                0.42672,                0.53077,                 1.0015,              0.0043269,              0.0043269,              0.0043269
                    166,                0.51991,                 0.6359,                 1.0301,                0.98512,                0.97441,                0.98198,                0.90833,                0.41431,                 0.5092,                0.99051,              0.0042756,              0.0042756,              0.0042756
                    167,                0.51787,                0.61502,                 1.0091,                0.98863,                0.97395,                0.97733,                0.90565,                0.42124,                0.54459,                0.99124,              0.0042245,              0.0042245,              0.0042245
                    168,                0.52216,                0.63503,                 1.0165,                0.98598,                0.97742,                0.98106,                0.90814,                0.43974,                0.54887,                0.99603,              0.0041734,              0.0041734,              0.0041734
                    169,                0.51016,                0.62744,                  1.012,                0.98667,                0.97851,                0.97962,                0.91185,                0.41526,                0.52454,                0.98748,              0.0041225,              0.0041225,              0.0041225
                    170,                0.50799,                0.61424,                 1.0181,                0.97744,                0.97108,                0.97664,                 0.8992,                0.43407,                 0.5453,                 1.0018,              0.0040716,              0.0040716,              0.0040716
                    171,                0.50756,                0.60502,                   1.01,                0.98195,                0.97344,                0.97847,                0.90649,                0.42444,                0.52133,                 1.0044,              0.0040208,              0.0040208,              0.0040208
                    172,                0.49474,                0.58781,                 1.0022,                0.98649,                0.97336,                0.97773,                0.90765,                0.42734,                0.53386,                  1.007,              0.0039702,              0.0039702,              0.0039702
                    173,                0.49704,                0.58769,                0.98984,                0.98499,                0.97418,                0.97787,                0.90714,                0.42105,                0.54281,                 1.0027,              0.0039197,              0.0039197,              0.0039197
                    174,                0.50393,                0.59615,                 1.0032,                0.97133,                0.97235,                0.97757,                 0.9117,                0.41466,                0.50703,                0.99159,              0.0038693,              0.0038693,              0.0038693
                    175,                0.48533,                0.59009,                 1.0086,                0.98104,                0.97444,                0.97887,                0.91096,                0.41991,                0.51973,                0.98905,               0.003819,               0.003819,               0.003819
                    176,                0.48992,                0.58884,                 0.9992,                0.98314,                0.97748,                0.98092,                0.91153,                0.43922,                0.52418,                 1.0039,              0.0037688,              0.0037688,              0.0037688
                    177,                0.48296,                0.58451,                0.99876,                0.98645,                0.97579,                0.97922,                0.90327,                0.43272,                0.51363,                0.99934,              0.0037188,              0.0037188,              0.0037188
                    178,                0.48807,                0.58173,                0.99747,                0.98727,                0.97186,                0.97957,                0.90804,                0.42082,                0.52032,                0.99377,               0.003669,               0.003669,               0.003669
                    179,                0.48331,                0.58964,                 1.0062,                0.99074,                0.97463,                0.97846,                0.90798,                0.41175,                0.51107,                0.97831,              0.0036193,              0.0036193,              0.0036193
                    180,                0.49664,                0.58373,                 0.9864,                0.98434,                0.97275,                0.97731,                0.90806,                0.41888,                0.50035,                0.99447,              0.0035697,              0.0035697,              0.0035697
                    181,                0.48202,                0.58896,                 0.9995,                0.98877,                0.97215,                0.97825,                0.90823,                0.41731,                0.51683,                0.99643,              0.0035204,              0.0035204,              0.0035204
                    182,                0.49261,                 0.5901,                 1.0012,                0.99025,                0.97362,                0.97712,                 0.9057,                0.42562,                0.53959,                0.98838,              0.0034712,              0.0034712,              0.0034712
                    183,                0.50377,                0.60357,                 1.0062,                0.99103,                0.97396,                0.97673,                 0.9057,                0.41175,                0.52433,                0.99246,              0.0034221,              0.0034221,              0.0034221
                    184,                0.48254,                0.56574,                0.99783,                0.98566,                0.97337,                0.97784,                0.90975,                0.41889,                0.51133,                0.98273,              0.0033732,              0.0033732,              0.0033732
                    185,                0.49833,                0.57821,                 1.0056,                0.98536,                0.97464,                0.97809,                0.91004,                0.41572,                0.49433,                0.99104,              0.0033246,              0.0033246,              0.0033246
                    186,                0.48806,                0.56683,                 1.0023,                0.98964,                0.97354,                0.97614,                 0.9056,                0.41531,                0.52781,                 0.9955,              0.0032761,              0.0032761,              0.0032761
                    187,                0.49109,                0.59164,                 1.0032,                0.99042,                 0.9755,                0.97685,                 0.9034,                0.42104,                0.51216,                0.99058,              0.0032278,              0.0032278,              0.0032278
                    188,                0.48911,                0.57985,                0.99529,                0.98793,                0.97553,                0.97812,                0.90953,                0.41336,                0.51812,                0.99552,              0.0031797,              0.0031797,              0.0031797
                    189,                0.48907,                0.57205,                 1.0039,                0.98941,                 0.9742,                0.97774,                0.90593,                0.42383,                0.51391,                0.98874,              0.0031318,              0.0031318,              0.0031318
                    190,                0.47488,                0.56674,                  0.982,                 0.9906,                 0.9744,                0.97929,                 0.9118,                0.41887,                0.50344,                0.98663,              0.0030841,              0.0030841,              0.0030841
                    191,                0.47093,                 0.5579,                0.98939,                0.99039,                0.97379,                0.97753,                0.90499,                0.41917,                0.51135,                0.98678,              0.0030367,              0.0030367,              0.0030367
                    192,                0.47107,                0.53981,                0.99318,                0.98826,                0.97572,                 0.9793,                0.90904,                 0.4242,                0.49582,                0.99126,              0.0029894,              0.0029894,              0.0029894
                    193,                0.47243,                0.55697,                0.98756,                0.98632,                0.97068,                0.98103,                0.91376,                0.39788,                0.47061,                0.98011,              0.0029424,              0.0029424,              0.0029424
                    194,                0.48762,                0.56474,                0.99115,                0.98715,                0.97399,                0.97778,                0.90681,                 0.4226,                0.49811,                 1.0064,              0.0028956,              0.0028956,              0.0028956
                    195,                 0.4868,                0.55936,                0.99932,                0.98261,                0.97166,                0.97982,                 0.9133,                0.42168,                0.48976,                 1.0025,              0.0028491,              0.0028491,              0.0028491
                    196,                0.46415,                0.54712,                0.99453,                0.98556,                 0.9763,                0.97831,                0.90637,                0.42989,                0.50827,                 1.0106,              0.0028027,              0.0028027,              0.0028027
                    197,                0.47259,                0.55702,                0.99004,                0.98895,                 0.9749,                0.97746,                0.90705,                0.42032,                0.53349,                 1.0055,              0.0027567,              0.0027567,              0.0027567
                    198,                0.46911,                0.54765,                0.97722,                0.99089,                0.97332,                0.97754,                0.90757,                0.42963,                0.49733,                 1.0196,              0.0027109,              0.0027109,              0.0027109
                    199,                 0.4643,                0.57077,                0.99703,                 0.9906,                0.97341,                0.97851,                0.91108,                0.41401,                0.48659,                0.99838,              0.0026653,              0.0026653,              0.0026653
                    200,                0.47717,                0.56204,                0.99284,                0.98249,                0.97518,                0.97824,                0.90828,                0.41199,                0.49698,                 0.9944,                0.00262,                0.00262,                0.00262
                    201,                0.46169,                0.53504,                0.98783,                0.98946,                0.97646,                0.97782,                0.91095,                0.41449,                 0.4763,                 1.0047,               0.002575,               0.002575,               0.002575
                    202,                0.47013,                0.54403,                0.99585,                0.98715,                0.97518,                0.97783,                0.91029,                0.41942,                0.49831,                0.99968,              0.0025302,              0.0025302,              0.0025302
                    203,                0.46074,                0.55262,                0.98838,                0.98694,                0.97283,                0.97954,                0.91306,                0.40118,                0.48584,                0.98498,              0.0024858,              0.0024858,              0.0024858
                    204,                0.45917,                0.54169,                 0.9787,                0.99405,                0.97561,                0.98012,                0.91308,                0.40635,                0.46751,                 0.9941,              0.0024416,              0.0024416,              0.0024416
                    205,                 0.4762,                0.54706,                 0.9902,                0.98898,                 0.9771,                0.98017,                0.91187,                0.40991,                0.47191,                0.99635,              0.0023977,              0.0023977,              0.0023977
                    206,                0.47853,                0.56257,                0.98566,                0.98912,                0.97607,                0.97755,                0.91152,                0.41317,                 0.4787,                 1.0036,               0.002354,               0.002354,               0.002354
                    207,                0.47922,                0.54537,                0.98543,                0.98825,                0.97518,                0.97703,                0.90903,                0.42066,                0.49228,                 1.0084,              0.0023107,              0.0023107,              0.0023107
                    208,                0.46246,                0.54555,                 0.9875,                0.98391,                0.97518,                0.97705,                0.91266,                0.41371,                0.48813,                 1.0131,              0.0022677,              0.0022677,              0.0022677
                    209,                0.45643,                0.54853,                0.97907,                0.98778,                0.97518,                0.97674,                0.90581,                0.42593,                0.51235,                 1.0222,               0.002225,               0.002225,               0.002225
                    210,                0.46744,                0.54743,                0.99238,                0.98779,                0.97457,                0.97709,                0.90985,                0.41745,                0.49352,                 1.0103,              0.0021826,              0.0021826,              0.0021826
                    211,                 0.4534,                 0.5233,                0.98658,                0.99037,                0.97474,                0.97932,                0.90856,                0.40655,                0.46665,                0.99518,              0.0021405,              0.0021405,              0.0021405
                    212,                0.47686,                0.56414,                0.99613,                0.98793,                0.97518,                0.97688,                0.90574,                0.41736,                0.48727,                 1.0036,              0.0020987,              0.0020987,              0.0020987
                    213,                0.45858,                 0.5396,                   0.98,                0.98915,                0.97518,                0.97855,                0.90877,                0.41095,                0.47348,                0.99914,              0.0020572,              0.0020572,              0.0020572
                    214,                0.45282,                 0.5229,                0.98742,                0.98974,                0.97492,                0.97902,                 0.9141,                0.41176,                0.46498,                 1.0022,              0.0020161,              0.0020161,              0.0020161
                    215,                0.46435,                0.53668,                0.99366,                0.98829,                0.97518,                 0.9816,                0.91396,                  0.415,                 0.4611,                 1.0048,              0.0019753,              0.0019753,              0.0019753
                    216,                0.46979,                0.55894,                0.99372,                0.98733,                0.97455,                0.98085,                0.91252,                0.41063,                0.44402,                 0.9997,              0.0019349,              0.0019349,              0.0019349
                    217,                0.45777,                0.53684,                0.98108,                0.98874,                0.97851,                0.98209,                 0.9065,                0.41899,                0.45695,                 1.0038,              0.0018948,              0.0018948,              0.0018948
                    218,                0.46992,                0.54234,                0.98796,                0.98992,                0.97583,                0.98247,                0.91186,                0.42239,                0.46474,                 1.0085,               0.001855,               0.001855,               0.001855
                    219,                0.45169,                 0.5333,                0.97775,                0.99026,                 0.9784,                0.98139,                0.91165,                0.42104,                0.45496,                  1.016,              0.0018156,              0.0018156,              0.0018156
                    220,                0.45889,                 0.5437,                0.98222,                0.98947,                 0.9777,                0.98007,                 0.9113,                0.40591,                0.45879,                0.99998,              0.0017765,              0.0017765,              0.0017765
                    221,                0.44757,                0.53198,                0.97274,                0.98813,                0.97513,                0.97902,                0.91256,                0.40408,                0.45739,                 1.0002,              0.0017378,              0.0017378,              0.0017378
                    222,                0.45157,                0.53521,                0.98023,                0.98387,                0.97369,                0.98129,                0.91648,                0.40251,                 0.4441,                 1.0004,              0.0016995,              0.0016995,              0.0016995
                    223,                0.45398,                0.53299,                0.98072,                0.98554,                0.97649,                0.98119,                0.91759,                0.40812,                0.45093,                 1.0048,              0.0016615,              0.0016615,              0.0016615
                    224,                0.44457,                0.52284,                0.97629,                0.98334,                0.97436,                0.97948,                 0.9113,                0.40767,                0.47458,                 1.0016,              0.0016239,              0.0016239,              0.0016239
                    225,                0.45506,                0.51706,                0.98813,                0.98639,                0.97195,                0.97837,                0.91359,                0.40216,                0.48286,                0.99701,              0.0015867,              0.0015867,              0.0015867
                    226,                0.44829,                0.52857,                0.98344,                0.98908,                0.97439,                0.98006,                0.91655,                0.39631,                0.47358,                0.99272,              0.0015498,              0.0015498,              0.0015498
                    227,                0.45505,                0.53704,                0.98304,                0.98923,                0.97759,                0.98079,                0.91821,                0.39803,                0.46025,                0.99251,              0.0015134,              0.0015134,              0.0015134
                    228,                 0.4419,                0.51447,                0.98021,                0.98486,                0.97617,                0.98055,                0.91758,                0.40368,                0.45582,                0.99223,              0.0014773,              0.0014773,              0.0014773
                    229,                0.44068,                0.50447,                0.96917,                0.99142,                0.97456,                0.98084,                0.92025,                0.39691,                0.45792,                0.99254,              0.0014416,              0.0014416,              0.0014416
                    230,                0.45453,                0.53307,                0.98187,                0.99024,                0.97419,                0.98002,                0.91324,                0.39433,                 0.4621,                0.99547,              0.0014063,              0.0014063,              0.0014063
                    231,                0.43427,                0.50001,                0.97736,                0.98992,                0.97619,                0.98141,                0.92184,                0.38527,                0.45695,                0.98083,              0.0013714,              0.0013714,              0.0013714
                    232,                0.45475,                0.53057,                0.97072,                0.99032,                0.97094,                0.98018,                0.91936,                0.39328,                0.46678,                0.98217,               0.001337,               0.001337,               0.001337
                    233,                0.43917,                0.50659,                0.98282,                0.99022,                0.97471,                 0.9818,                0.92162,                0.39325,                0.45291,                0.98454,              0.0013029,              0.0013029,              0.0013029
                    234,                0.44587,                0.50007,                0.96495,                0.99136,                0.97467,                0.98061,                0.91794,                0.39495,                0.45826,                0.98594,              0.0012692,              0.0012692,              0.0012692
                    235,                0.44379,                 0.5039,                0.96695,                0.99146,                0.97594,                0.98088,                0.91836,                0.39177,                0.45569,                0.98342,               0.001236,               0.001236,               0.001236
                    236,                0.42269,                0.49212,                0.96398,                0.99079,                0.97748,                0.98011,                0.91866,                 0.3945,                0.45183,                0.98208,              0.0012031,              0.0012031,              0.0012031
                    237,                0.45009,                0.51959,                0.98422,                0.99119,                0.97394,                0.98084,                0.91812,                0.39609,                 0.4543,                0.98081,              0.0011707,              0.0011707,              0.0011707
                    238,                0.43653,                0.50642,                0.98484,                0.99074,                0.96984,                0.98187,                0.91821,                0.40495,                0.46307,                 1.0018,              0.0011387,              0.0011387,              0.0011387
                    239,                0.45401,                0.51971,                0.97975,                0.98291,                0.97441,                0.98211,                0.91394,                0.40297,                0.45953,                0.98783,              0.0011072,              0.0011072,              0.0011072
                    240,                0.44772,                0.51386,                0.96937,                0.98321,                0.97395,                0.98089,                0.91699,                 0.3999,                0.46708,                0.98657,              0.0010761,              0.0010761,              0.0010761
                    241,                 0.4477,                0.51723,                 0.9778,                0.98407,                0.97512,                0.98089,                0.92131,                0.39089,                0.46261,                0.97865,              0.0010454,              0.0010454,              0.0010454
                    242,                0.42401,                0.49222,                0.96163,                0.98812,                0.97666,                0.98158,                0.92223,                0.39702,                0.46577,                0.98793,              0.0010151,              0.0010151,              0.0010151
                    243,                0.42793,                 0.4982,                0.96948,                0.99045,                0.97083,                0.97966,                0.91796,                0.39615,                0.46312,                 0.9904,             0.00098531,             0.00098531,             0.00098531
                    244,                 0.4568,                0.53514,                0.98171,                0.99067,                0.97639,                0.97993,                0.91532,                0.40306,                0.46499,                 1.0007,             0.00095595,             0.00095595,             0.00095595
                    245,                0.43921,                0.50864,                0.96829,                0.98514,                0.97712,                0.97948,                 0.9168,                0.39765,                0.47116,                0.99555,             0.00092704,             0.00092704,             0.00092704
                    246,                0.42419,                0.49847,                0.95899,                0.99168,                 0.9733,                 0.9804,                0.91841,                 0.3985,                0.47232,                0.99374,             0.00089858,             0.00089858,             0.00089858
                    247,                0.44692,                0.50918,                0.98258,                0.98933,                0.96898,                0.98174,                0.91924,                0.39916,                0.46865,                0.99311,             0.00087058,             0.00087058,             0.00087058
                    248,                0.43631,                0.50061,                0.96478,                0.98776,                0.96991,                0.98002,                0.91726,                0.39368,                0.47298,                0.98594,             0.00084303,             0.00084303,             0.00084303
                    249,                0.43619,                0.49087,                0.97199,                0.98697,                0.97252,                0.97996,                0.91547,                0.39377,                0.46509,                0.98928,             0.00081595,             0.00081595,             0.00081595
                    250,                0.42949,                0.50104,                 0.9702,                0.98574,                0.97589,                0.98072,                0.91885,                 0.3939,                0.46083,                0.99018,             0.00078933,             0.00078933,             0.00078933
                    251,                0.43183,                0.49812,                0.96689,                0.98835,                0.97566,                 0.9796,                0.91406,                0.39866,                0.46772,                0.99918,             0.00076317,             0.00076317,             0.00076317
                    252,                0.43767,                0.49854,                0.97952,                0.98801,                0.97537,                0.98068,                0.91626,                0.39859,                0.46259,                0.99486,             0.00073749,             0.00073749,             0.00073749
                    253,                0.43108,                0.49227,                0.97264,                 0.9889,                0.97632,                0.98082,                0.91856,                0.39683,                0.45417,                0.99732,             0.00071228,             0.00071228,             0.00071228
                    254,                0.43671,                0.49403,                0.97145,                0.98999,                0.97281,                0.98094,                0.91816,                0.39789,                0.46052,                0.99433,             0.00068755,             0.00068755,             0.00068755
                    255,                0.43144,                0.50998,                 0.9716,                0.98974,                0.97466,                   0.98,                0.91739,                0.39463,                0.47023,                0.99198,             0.00066329,             0.00066329,             0.00066329
                    256,                0.43425,                 0.4945,                0.96637,                0.99015,                0.97553,                0.98029,                0.91834,                0.39486,                 0.4775,                0.99065,             0.00063952,             0.00063952,             0.00063952
                    257,                0.43069,                0.49657,                0.96503,                0.98825,                0.97454,                0.98227,                0.92256,                0.39161,                0.45881,                 0.9854,             0.00061623,             0.00061623,             0.00061623
                    258,                0.42592,                 0.4997,                0.96941,                0.98895,                0.97558,                0.98112,                0.91928,                0.40121,                0.46402,                0.99468,             0.00059342,             0.00059342,             0.00059342
                    259,                0.42608,                0.49546,                0.96494,                0.99085,                 0.9769,                0.97986,                0.91897,                0.39208,                0.47499,                 0.9908,             0.00057111,             0.00057111,             0.00057111
                    260,                0.41815,                0.48337,                0.96341,                0.99006,                0.97518,                0.97964,                0.91778,                0.39091,                0.47379,                0.98716,             0.00054928,             0.00054928,             0.00054928
                    261,                0.43163,                0.49402,                0.97421,                0.99104,                0.97441,                 0.9802,                0.91908,                0.39317,                0.46857,                0.99219,             0.00052795,             0.00052795,             0.00052795
                    262,                0.42398,                0.48697,                0.96911,                0.99125,                0.97475,                0.98088,                0.91974,                0.39372,                0.45754,                0.99226,             0.00050711,             0.00050711,             0.00050711
                    263,                0.42407,                0.48684,                0.96267,                0.99096,                0.97514,                0.98094,                 0.9181,                0.39356,                0.45406,                0.98988,             0.00048678,             0.00048678,             0.00048678
                    264,                0.42936,                0.50484,                0.97097,                0.98917,                0.97497,                 0.9804,                0.92052,                0.39248,                0.45099,                0.98734,             0.00046694,             0.00046694,             0.00046694
                    265,                0.43779,                0.49964,                0.96227,                0.99045,                0.97561,                0.98008,                0.92026,                0.39388,                0.45629,                0.98905,             0.00044761,             0.00044761,             0.00044761
                    266,                 0.4261,                0.48766,                0.96348,                0.99076,                0.97463,                0.98009,                0.92144,                0.38893,                0.45626,                0.98522,             0.00042878,             0.00042878,             0.00042878
                    267,                0.41269,                0.46812,                0.96252,                 0.9907,                0.97395,                0.98072,                 0.9208,                0.38802,                0.46042,                 0.9803,             0.00041045,             0.00041045,             0.00041045
                    268,                0.43151,                0.49825,                0.96462,                0.99091,                0.97486,                0.98051,                0.91845,                0.38827,                0.46223,                0.97979,             0.00039264,             0.00039264,             0.00039264
                    269,                0.42821,                 0.4884,                0.95597,                0.98931,                0.97587,                0.98044,                0.92102,                0.39086,                0.45529,                0.98415,             0.00037534,             0.00037534,             0.00037534
                    270,                0.42989,                 0.4815,                0.95702,                0.99045,                0.97543,                0.98061,                0.92069,                 0.3919,                0.45798,                0.98634,             0.00035855,             0.00035855,             0.00035855
                    271,                  0.427,                 0.4929,                0.95738,                0.98952,                0.97563,                0.98004,                 0.9183,                0.39115,                0.45967,                 0.9881,             0.00034227,             0.00034227,             0.00034227
                    272,                0.42204,                0.49613,                0.97363,                0.98926,                0.97518,                0.97955,                0.91807,                0.38861,                0.46553,                0.98365,             0.00032651,             0.00032651,             0.00032651
                    273,                 0.4334,                0.49575,                0.96005,                0.98959,                0.97518,                0.97949,                0.92051,                0.38705,                0.45947,                0.98418,             0.00031127,             0.00031127,             0.00031127
                    274,                0.42377,                0.47476,                0.95632,                0.99156,                0.97469,                0.97885,                0.91788,                0.39279,                0.46841,                0.98771,             0.00029655,             0.00029655,             0.00029655
                    275,                0.41844,                0.48312,                0.96059,                0.98752,                0.97108,                0.97864,                 0.9176,                0.39248,                0.46831,                0.98638,             0.00028235,             0.00028235,             0.00028235
                    276,                0.43021,                0.49346,                0.96567,                0.98771,                0.97108,                0.97952,                0.91842,                0.39002,                0.46007,                0.98575,             0.00026867,             0.00026867,             0.00026867
                    277,                0.42842,                0.48949,                0.96335,                0.98656,                0.97203,                0.97965,                0.91802,                0.39166,                0.46265,                0.98432,             0.00025551,             0.00025551,             0.00025551
                    278,                0.40865,                0.48145,                0.95429,                0.98894,                 0.9739,                0.97926,                0.91772,                0.38861,                0.45638,                0.98551,             0.00024289,             0.00024289,             0.00024289
                    279,                0.42973,                0.49227,                0.97174,                0.98999,                0.97408,                0.97968,                0.91972,                0.39104,                0.46267,                0.98743,             0.00023078,             0.00023078,             0.00023078
                    280,                0.43275,                0.48663,                0.96995,                0.99004,                0.97493,                0.97991,                0.91793,                0.39193,                0.45815,                0.98972,             0.00021921,             0.00021921,             0.00021921
                    281,                0.41428,                 0.4704,                0.95239,                0.98934,                 0.9741,                0.98003,                0.91797,                0.39445,                0.45737,                0.99043,             0.00020817,             0.00020817,             0.00020817
                    282,                0.42509,                0.48728,                0.96087,                0.98907,                0.97419,                0.97975,                0.91933,                0.39051,                0.45538,                0.98798,             0.00019766,             0.00019766,             0.00019766
                    283,                0.42475,                0.48182,                0.96322,                0.98925,                0.97411,                0.97978,                0.91931,                0.38796,                0.45311,                0.98542,             0.00018768,             0.00018768,             0.00018768
                    284,                0.42827,                0.47276,                0.96737,                0.98931,                0.97397,                0.97965,                 0.9188,                0.38843,                 0.4523,                0.98424,             0.00017823,             0.00017823,             0.00017823
                    285,                0.43345,                0.48593,                0.96875,                0.98939,                0.97414,                0.97978,                0.91903,                 0.3865,                0.45478,                0.98388,             0.00016932,             0.00016932,             0.00016932
                    286,                0.34638,                0.36376,                0.88967,                0.98895,                0.97149,                0.97985,                 0.9196,                0.39273,                0.45392,                0.98772,             0.00016094,             0.00016094,             0.00016094
                    287,                0.34219,                0.35849,                0.88358,                0.98853,                0.97147,                0.97975,                 0.9176,                0.39262,                0.45669,                0.98792,              0.0001531,              0.0001531,              0.0001531
                    288,                0.34013,                0.35359,                0.87907,                 0.9888,                0.97184,                0.97902,                0.91498,                0.39279,                  0.461,                0.98645,              0.0001458,              0.0001458,              0.0001458
                    289,                0.34614,                 0.3604,                0.88506,                0.98887,                 0.9718,                0.97966,                0.91964,                 0.3933,                0.46038,                0.98638,             0.00013903,             0.00013903,             0.00013903
                    290,                0.33404,                0.35235,                0.88696,                0.98838,                0.97314,                0.98035,                 0.9193,                0.38981,                0.45572,                0.98488,              0.0001328,              0.0001328,              0.0001328
                    291,                0.34014,                0.35636,                0.88983,                0.98839,                0.97343,                0.97992,                0.91808,                0.38745,                0.45639,                0.98125,             0.00012712,             0.00012712,             0.00012712
                    292,                0.34036,                0.36042,                0.88607,                0.98904,                0.97214,                0.98002,                0.91811,                0.38657,                0.45336,                 0.9807,             0.00012197,             0.00012197,             0.00012197
                    293,                0.33148,                0.34889,                0.87961,                0.98865,                0.97268,                0.97973,                0.91969,                0.38454,                0.45251,                0.97938,             0.00011736,             0.00011736,             0.00011736
                    294,                 0.3346,                0.34247,                 0.8886,                0.98854,                0.97245,                0.97971,                0.91834,                0.38413,                0.45388,                0.97776,             0.00011329,             0.00011329,             0.00011329
                    295,                0.32671,                0.34408,                0.87954,                0.98841,                0.97245,                0.97981,                0.91738,                0.38333,                0.45868,                0.97633,             0.00010977,             0.00010977,             0.00010977
                    296,                0.32913,                0.34966,                0.87337,                0.98845,                0.97268,                0.98002,                 0.9196,                0.38354,                0.45983,                0.97603,             0.00010678,             0.00010678,             0.00010678
                    297,                0.33609,                0.35064,                0.88239,                0.98839,                0.97285,                0.98004,                0.92064,                 0.3849,                 0.4599,                0.97921,             0.00010434,             0.00010434,             0.00010434
                    298,                0.33882,                0.35093,                0.88782,                0.98881,                0.97257,                0.98016,                0.92104,                0.38639,                0.46064,                0.97942,             0.00010244,             0.00010244,             0.00010244
                    299,                0.34262,                0.35967,                0.88804,                0.98841,                 0.9732,                0.97986,                0.92197,                0.38524,                0.45825,                0.97962,             0.00010109,             0.00010109,             0.00010109
                    300,                0.33568,                0.34999,                0.88119,                0.98826,                0.97282,                0.97995,                 0.9219,                 0.3844,                0.45503,                0.97957,             0.00010027,             0.00010027,             0.00010027
